{
  "project_info": {
    "project_number": "45449967319",
    "project_id": "dtalk-a05eb",
    "storage_bucket": "dtalk-a05eb.appspot.com"
  },
  "client": [
    {
      "client_info": {
        "mobilesdk_app_id": "1:45449967319:android:c92a39f113d736c5372292",
        "android_client_info": {
          "package_name": "com.example.dtalk"
        }
      },
      "oauth_client": [
        {
          "client_id": "45449967319-n06km1agsq8pg9muoahl1eq4780o01ho.apps.googleusercontent.com",
          "client_type": 3
        }
      ],
      "api_key": [
        {
          "current_key": "AIzaSyADq25EvXwl5-iBhYYzxEEAKvCpkNUpGpM"
        }
      ],
      "services": {
        "appinvite_service": {
          "other_platform_oauth_client": [
            {
              "client_id": "45449967319-n06km1agsq8pg9muoahl1eq4780o01ho.apps.googleusercontent.com",
              "client_type": 3
            }
          ]
        }
      }
    }
  ],
  "configuration_version": "1"
}